Job_Title,Salary_2015,Salary_2017
All Occupations,"$36,200 ","$37,690 "
Management Occupations,"$98,560 ","$102,590 "
Top Executives,"$100,940 ","$103,120 "
Chief Executives,"$175,110 ","$183,270 "
General and Operations Managers,"$97,730 ","$100,410 "
Legislators,"$20,500 ","$25,630 "
"Advertising, Marketing, Promotions, Public Relations, and Sales Managers","$116,810 ","$123,100 "
Advertising and Promotions Managers,"$95,890 ","$106,130 "
Marketing and Sales Managers,"$119,280 ","$125,290 "
Marketing Managers,"$128,750 ","$132,230 "
Sales Managers,"$113,860 ","$121,060 "
Public Relations and Fundraising Managers,"$104,140 ","$111,280 "
Operations Specialties Managers,"$108,260 ","$115,700 "
Administrative Services Managers,"$86,110 ","$94,020 "
Computer and Information Systems Managers,"$131,600 ","$139,220 "
Financial Managers,"$117,990 ","$125,080 "
Industrial Production Managers,"$93,940 ","$100,580 "
Purchasing Managers,"$108,120 ","$115,760 "
"Transportation, Storage, and Distribution Managers","$86,630 ","$92,460 "
Compensation and Benefits Managers,"$111,430 ","$119,120 "
Human Resources Managers,"$104,440 ","$110,120 "
Training and Development Managers,"$102,640 ","$108,250 "
Other Management Occupations,"$85,880 ","$88,720 "
"Farmers, Ranchers, and Other Agricultural Managers","$64,170 ","$69,620 "
Construction Managers,"$87,400 ","$91,370 "
Education Administrators,"$85,290 ","$88,890 "
"Education Administrators, Preschool and Childcare Center/Program","$45,670 ","$46,890 "
"Education Administrators, Elementary and Secondary School","$90,410 ","$94,390 "
"Education Administrators, Postsecondary","$88,580 ","$92,360 "
"Education Administrators, All Other","$76,930 ","$81,630 "
Architectural and Engineering Managers,"$132,800 ","$137,720 "
Food Service Managers,"$48,690 ","$52,030 "
Funeral Service Managers,"$70,890 ","$78,040 "
Gaming Managers,"$68,380 ","$72,930 "
Lodging Managers,"$49,720 ","$51,800 "
Medical and Health Services Managers,"$94,500 ","$98,350 "
Natural Sciences Managers,"$120,160 ","$118,970 "
Postmasters and Mail Superintendents,"$70,640 ","$74,840 "
"Property, Real Estate, and Community Association Managers","$55,380 ","$58,670 "
Social and Community Service Managers,"$63,530 ","$64,100 "
Emergency Management Directors,"$67,330 ","$72,760 "
Miscellaneous Managers,"$104,850 ","$105,610 "
"Managers, All Other","$104,850 ","$105,610 "
Business and Financial Operations Occupations,"$65,710 ","$67,710 "
Business Operations Specialists,"$64,510 ","$66,390 "
"Agents and Business Managers of Artists, Performers, and Athletes","$62,940 ","$64,940 "
Buyers and Purchasing Agents,"$59,620 ","$62,120 "
"Buyers and Purchasing Agents, Farm Products","$56,270 ","$62,120 "
"Wholesale and Retail Buyers, Except Farm Products","$52,940 ","$64,690 "
"Purchasing Agents, Except Wholesale, Retail, and Farm Products","$62,220 ","$64,900 "
"Claims Adjusters, Appraisers, Examiners, and Investigators","$63,060 ","$62,100 "
"Claims Adjusters, Examiners, and Investigators","$62,980 ","$67,870 "
"Insurance Appraisers, Auto Damage","$64,020 ","$67,870 "
Compliance Officers,"$65,640 ","$63,110 "
Cost Estimators,"$60,390 ","$60,570 "
Human Resources Workers,"$58,370 ","$35,660 "
Human Resources Specialists,"$58,350 ","$63,200 "
Farm Labor Contractors,"$30,910 ","$74,590 "
Labor Relations Specialists,"$58,820 ","$74,590 "
Logisticians,"$74,260 ","$82,450 "
Management Analysts,"$81,320 ","$48,290 "
"Meeting, Convention, and Event Planners","$46,840 ","$55,640 "
Fundraisers,"$52,970 ","$62,680 "
"Compensation, Benefits, and Job Analysis Specialists","$60,850 ","$60,360 "
Training and Development Specialists,"$58,210 ","$63,230 "
Market Research Analysts and Marketing Specialists,"$62,150 ","$70,010 "
Miscellaneous Business Operations Specialists,"$68,170 ","$70,120 "
"Business Operations Specialists, All Other","$68,170 ","$69,350 "
Financial Specialists,"$67,740 ","$69,350 "
Accountants and Auditors,"$67,190 ","$54,010 "
Appraisers and Assessors of Real Estate,"$51,860 ","$75,240 "
Budget Analysts,"$71,590 ","$71,290 "
Credit Analysts,"$69,680 ","$82,770 "
Financial Analysts and Advisors,"$79,350 ","$90,640 "
Financial Analysts,"$80,310 ","$69,760 "
Personal Financial Advisors,"$89,160 ","$81,690 "
Insurance Underwriters,"$65,040 ","$81,690 "
Financial Examiners,"$78,010 ","$61,840 "
Credit Counselors and Loan Officers,"$60,910 ","$64,660 "
Credit Counselors,"$43,840 ","$46,840 "
Loan Officers,"$63,430 ","$53,130 "
"Tax Examiners, Collectors and Preparers, and Revenue Agents","$44,840 ","$38,730 "
"Tax Examiners and Collectors, and Revenue Agents","$51,430 ","$69,520 "
Tax Preparers,"$36,450 ","$69,520 "
Miscellaneous Financial Specialists,"$66,670 ","$84,560 "
"Financial Specialists, All Other","$66,670 ","$84,580 "
Computer and Mathematical Occupations,"$81,430 ","$114,520 "
Computer Occupations,"$81,430 ","$114,520 "
Computer and Information Research Scientists,"$110,620 ","$89,280 "
Computer and Information Analysts,"$86,370 ","$95,510 "
Computer Systems Analysts,"$85,800 ","$97,770 "
Information Security Analysts,"$90,120 ","$82,240 "
Software Developers and Programmers,"$94,080 ","$101,790 "
Computer Programmers,"$79,530 ","$107,600 "
"Software Developers, Applications","$98,260 ","$67,990 "
"Software Developers, Systems Software","$105,570 ","$87,090 "
Web Developers,"$64,970 ","$87,020 "
Database and Systems Administrators and Network Architects,"$82,780 ","$81,100 "
Database Administrators,"$81,710 ","$104,650 "
Network and Computer Systems Administrators,"$77,810 ","$52,810 "
Computer Network Architects,"$100,240 ","$50,210 "
Computer Support Specialists,"$51,470 ","$62,340 "
Computer User Support Specialists,"$48,620 ","$88,510 "
Computer Network Support Specialists,"$62,250 ","$88,510 "
Miscellaneous Computer Occupations,"$85,240 ","$84,060 "
"Computer Occupations, All Other","$85,240 ","$101,560 "
Mathematical Science Occupations,"$81,360 ","$101,560 "
Actuaries,"$97,070 ","$103,010 "
Mathematicians,"$111,110 ","$81,390 "
Operations Research Analysts,"$78,630 ","$84,060 "
Statisticians,"$80,110 ","$57,890 "
Miscellaneous Mathematical Science Occupations,"$58,580 ","$79,180 "
Mathematical Technicians,"$46,600 ","$72,020 "
"Mathematical Science Occupations, All Other","$66,210 ","$76,590 "
Architecture and Engineering Occupations,"$76,870 ","$78,470 "
"Architects, Surveyors, and Cartographers","$69,130 ","$65,760 "
"Architects, Except Naval","$74,040 ","$61,770 "
"Architects, Except Landscape and Naval","$76,100 ","$63,990 "
Landscape Architects,"$63,810 ","$61,140 "
"Surveyors, Cartographers, and Photogrammetrists","$58,920 ","$92,220 "
Cartographers and Photogrammetrists,"$61,880 ","$113,030 "
Surveyors,"$58,020 ","$113,030 "
Engineers,"$90,060 ","$74,780 "
Aerospace Engineers,"$107,830 ","$74,780 "
Agricultural Engineers,"$75,090 ","$88,040 "
Biomedical Engineers,"$86,220 ","$102,160 "
Chemical Engineers,"$97,360 ","$84,770 "
Civil Engineers,"$82,220 ","$115,120 "
Computer Hardware Engineers,"$111,730 ","$95,060 "
Electrical and Electronics Engineers,"$95,230 ","$86,800 "
Electrical Engineers,"$93,010 ","$86,800 "
"Electronics Engineers, Except Computer","$98,270 ","$86,090 "
Environmental Engineers,"$84,560 ","$88,510 "
"Industrial Engineers, Including Health and Safety","$83,570 ","$90,970 "
"Health and Safety Engineers, Except Mining Safety Engineers and Inspectors","$84,600 ","$90,970 "
Industrial Engineers,"$83,470 ","$94,610 "
Marine Engineers and Naval Architects,"$93,110 ","$94,610 "
Materials Engineers,"$91,310 ","$85,880 "
Mechanical Engineers,"$83,590 ","$94,240 "
"Mining and Geological Engineers, Including Mining Safety Engineers","$94,040 ","$105,810 "
Nuclear Engineers,"$102,950 ","$132,280 "
Petroleum Engineers,"$129,990 ","$97,250 "
Miscellaneous Engineers,"$95,900 ","$54,170 "
"Engineers, All Other","$95,900 ","$52,870 "
"Drafters, Engineering Technicians, and Mapping Technicians","$54,140 ","$59,690 "
Drafters,"$52,720 ","$55,130 "
Architectural and Civil Drafters,"$50,710 ","$50,290 "
Electrical and Electronics Drafters,"$59,520 ","$58,170 "
Mechanical Drafters,"$53,520 ","$67,240 "
"Drafters, All Other","$49,650 ","$51,620 "
"Engineering Technicians, Except Drafters","$56,450 ","$63,660 "
Aerospace Engineering and Operations Technicians,"$66,180 ","$56,740 "
Civil Engineering Technicians,"$49,260 ","$50,230 "
Electrical and Electronics Engineering Technicians,"$61,130 ","$54,280 "
Electro-Mechanical Technicians,"$53,340 ","$55,360 "
Environmental Engineering Technicians,"$48,650 ","$62,230 "
Industrial Engineering Technicians,"$53,780 ","$43,340 "
Mechanical Engineering Technicians,"$53,910 ","$43,340 "
"Engineering Technicians, Except Drafters, All Other","$61,260 ","$64,510 "
Surveying and Mapping Technicians,"$42,010 ","$73,700 "
"Life, Physical, and Social Science Occupations","$62,160 ","$60,760 "
Life Scientists,"$72,090 ","$63,660 "
Agricultural and Food Scientists,"$62,470 ","$62,430 "
Animal Scientists,"$60,390 ","$74,960 "
Food Scientists and Technologists,"$65,840 ","$91,190 "
Soil and Plant Scientists,"$60,050 ","$69,960 "
Biological Scientists,"$72,220 ","$62,290 "
Biochemists and Biophysicists,"$82,150 ","$76,690 "
Microbiologists,"$67,550 ","$60,970 "
Zoologists and Wildlife Biologists,"$59,680 ","$61,480 "
"Biological Scientists, All Other","$75,150 ","$60,120 "
Conservation Scientists and Foresters,"$60,220 ","$80,970 "
Conservation Scientists,"$61,110 ","$69,660 "
Foresters,"$58,230 ","$82,090 "
Medical Scientists,"$81,060 ","$74,540 "
Epidemiologists,"$69,450 ","$74,540 "
"Medical Scientists, Except Epidemiologists","$82,240 ","$78,790 "
Miscellaneous Life Scientists,"$70,550 ","$117,220 "
"Life Scientists, All Other","$70,550 ","$100,590 "
Physical Scientists,"$76,140 ","$118,830 "
Astronomers and Physicists,"$110,980 ","$92,070 "
Astronomers,"$104,100 ","$92,070 "
Physicists,"$111,580 ","$76,280 "
Atmospheric and Space Scientists,"$89,820 ","$74,740 "
Chemists and Materials Scientists,"$72,610 ","$73,860 "
Chemists,"$71,260 ","$69,400 "
Materials Scientists,"$91,000 ","$89,850 "
Environmental Scientists and Geoscientists,"$71,740 ","$79,990 "
"Environmental Scientists and Specialists, Including Health","$67,460 ","$103,990 "
"Geoscientists, Except Hydrologists and Geographers","$89,700 ","$103,990 "
Hydrologists,"$79,550 ","$76,970 "
Miscellaneous Physical Scientists,"$97,130 ","$102,490 "
"Physical Scientists, All Other","$97,130 ","$102,490 "
Social Scientists and Related Workers,"$72,570 ","$54,270 "
Economists,"$99,180 ","$54,270 "
Survey Researchers,"$53,920 ","$75,090 "
Psychologists,"$72,580 ","$97,740 "
"Clinical, Counseling, and School Psychologists","$70,580 ","$79,650 "
Industrial-Organizational Psychologists,"$77,350 ","$79,650 "
"Psychologists, All Other","$94,590 ","$71,490 "
Sociologists,"$73,760 ","$71,490 "
Urban and Regional Planners,"$68,220 ","$62,280 "
Miscellaneous Social Scientists and Related Workers,"$74,640 ","$59,120 "
Anthropologists and Archeologists,"$61,220 ","$115,110 "
Geographers,"$74,260 ","$79,370 "
Historians,"$55,800 ","$45,780 "
Political Scientists,"$99,730 ","$39,910 "
"Social Scientists and Related Workers, All Other","$76,380 ","$39,910 "
"Life, Physical, and Social Science Technicians","$43,490 ","$43,800 "
Agricultural and Food Science Technicians,"$36,480 ","$43,800 "
Biological Technicians,"$41,650 ","$47,280 "
Chemical Technicians,"$44,660 ","$54,190 "
Geological and Petroleum Technicians,"$55,610 ","$80,370 "
Nuclear Technicians,"$80,260 ","$46,000 "
Social Science Research Assistants,"$42,480 ","$45,490 "
"Miscellaneous Life, Physical, and Social Science Technicians","$43,520 ","$36,130 "
"Environmental Science and Protection Technicians, Including Health","$43,030 ","$48,090 "
Forensic Science Technicians,"$56,320 ","$43,840 "
Forest and Conservation Technicians,"$35,430 ","$43,860 "
"Life, Physical, and Social Science Technicians, All Other","$45,300 ","$46,740 "
Community and Social Service Occupations,"$42,010 ","$55,410 "
"Counselors, Social Workers, and Other Community and Social Service Specialists","$42,030 ","$48,790 "
Counselors,"$45,160 ","$34,860 "
Substance Abuse and Behavioral Disorder Counselors,"$39,980 ","$43,300 "
"Educational, Guidance, School, and Vocational Counselors","$53,660 ","$43,370 "
Marriage and Family Therapists,"$48,600 ","$47,980 "
Mental Health Counselors,"$41,880 ","$44,380 "
Rehabilitation Counselors,"$34,390 ","$54,870 "
"Counselors, All Other","$45,530 ","$43,250 "
Social Workers,"$45,900 ","$61,980 "
"Child, Family, and School Social Workers","$42,350 ","$37,670 "
Healthcare Social Workers,"$52,380 ","$53,940 "
Mental Health and Substance Abuse Social Workers,"$42,170 ","$51,410 "
"Social Workers, All Other","$58,560 ","$33,120 "
Miscellaneous Community and Social Service Specialists,"$36,110 ","$38,370 "
Health Educators,"$51,960 ","$41,570 "
Probation Officers and Correctional Treatment Specialists,"$49,360 ","$43,410 "
Social and Human Service Assistants,"$30,830 ","$47,100 "
Community Health Workers,"$36,300 ","$47,100 "
"Community and Social Service Specialists, All Other","$41,890 ","$38,980 "
Religious Workers,"$41,550 ","$38,980 "
Clergy,"$44,250 ","$29,310 "
"Directors, Religious Activities and Education","$38,780 ","$80,080 "
Miscellaneous Religious Workers,"$28,750 ","$117,020 "
"Religious Workers, All Other","$28,750 ","$119,250 "
Legal Occupations,"$78,170 ","$51,330 "
"Lawyers, Judges, and Related Workers","$113,120 ","$105,840 "
Lawyers and Judicial Law Clerks,"$114,280 ","$94,790 "
Lawyers,"$115,820 ","$60,670 "
Judicial Law Clerks,"$50,740 ","$133,840 "
"Judges, Magistrates, and Other Judicial Workers","$99,870 ","$50,630 "
"Administrative Law Judges, Adjudicators, and Hearing Officers","$90,600 ","$50,410 "
"Arbitrators, Mediators, and Conciliators","$58,020 ","$50,410 "
"Judges, Magistrate Judges, and Magistrates","$126,930 ","$51,290 "
Legal Support Workers,"$48,680 ","$55,120 "
Paralegals and Legal Assistants,"$48,810 ","$46,850 "
Miscellaneous Legal Support Workers,"$48,310 ","$48,740 "
Court Reporters,"$49,500 ","$67,140 "
"Title Examiners, Abstractors, and Searchers","$44,370 ","$80,300 "
"Legal Support Workers, All Other","$53,920 ","$80,300 "
"Education, Training, and Library Occupations","$47,220 ","$73,780 "
Postsecondary Teachers,"$64,450 ","$78,630 "
"Business Teachers, Postsecondary","$75,370 ","$70,910 "
"Math and Computer Teachers, Postsecondary","$69,990 ","$80,050 "
"Computer Science Teachers, Postsecondary","$74,840 ","$98,360 "
"Mathematical Science Teachers, Postsecondary","$67,170 ","$79,710 "
"Engineering and Architecture Teachers, Postsecondary","$91,610 ","$86,140 "
"Architecture Teachers, Postsecondary","$73,920 ","$78,240 "
"Engineering Teachers, Postsecondary","$95,060 ","$87,420 "
"Life Sciences Teachers, Postsecondary","$77,960 ","$81,230 "
"Agricultural Sciences Teachers, Postsecondary","$90,780 ","$87,380 "
"Biological Science Teachers, Postsecondary","$75,320 ","$77,190 "
"Forestry and Conservation Science Teachers, Postsecondary","$88,270 ","$76,360 "
"Physical Sciences Teachers, Postsecondary","$79,020 ","$87,340 "
"Atmospheric, Earth, Marine, and Space Sciences Teachers, Postsecondary","$83,150 ","$76,210 "
"Chemistry Teachers, Postsecondary","$75,060 ","$81,580 "
"Environmental Science Teachers, Postsecondary","$78,770 ","$72,230 "
"Physics Teachers, Postsecondary","$82,840 ","$98,350 "
"Social Sciences Teachers, Postsecondary","$73,490 ","$78,040 "
"Anthropology and Archeology Teachers, Postsecondary","$77,650 ","$81,430 "
"Area, Ethnic, and Cultural Studies Teachers, Postsecondary","$72,300 ","$73,770 "
"Economics Teachers, Postsecondary","$94,000 ","$73,080 "
"Geography Teachers, Postsecondary","$75,400 ","$64,480 "
"Political Science Teachers, Postsecondary","$76,370 ","$88,410 "
"Psychology Teachers, Postsecondary","$70,260 ","$97,870 "
"Sociology Teachers, Postsecondary","$69,230 ","$71,260 "
"Social Sciences Teachers, Postsecondary, All Other","$67,490 ","$64,680 "
"Health Teachers, Postsecondary","$81,470 ","$64,020 "
"Health Specialties Teachers, Postsecondary","$90,840 ","$70,940 "
"Nursing Instructors and Teachers, Postsecondary","$67,480 ","$70,640 "
"Education and Library Science Teachers, Postsecondary","$62,040 ","$60,400 "
"Education Teachers, Postsecondary","$61,560 ","$104,910 "
"Library Science Teachers, Postsecondary","$67,660 ","$64,370 "
"Law, Criminal Justice, and Social Work Teachers, Postsecondary","$69,240 ","$66,940 "
"Criminal Justice and Law Enforcement Teachers, Postsecondary","$58,770 ","$66,930 "
"Law Teachers, Postsecondary","$105,250 ","$66,510 "
"Social Work Teachers, Postsecondary","$63,390 ","$64,910 "
"Arts, Communications, and Humanities Teachers, Postsecondary","$64,120 ","$65,010 "
"Art, Drama, and Music Teachers, Postsecondary","$65,340 ","$72,690 "
"Communications Teachers, Postsecondary","$63,410 ","$69,590 "
"English Language and Literature Teachers, Postsecondary","$61,990 ","$49,690 "
"Foreign Language and Literature Teachers, Postsecondary","$61,380 ","$32,460 "
"History Teachers, Postsecondary","$69,400 ","$71,630 "
"Philosophy and Religion Teachers, Postsecondary","$66,380 ","$60,150 "
Miscellaneous Postsecondary Teachers,"$47,780 ","$51,600 "
Graduate Teaching Assistants,"$30,810 ","$64,480 "
"Home Economics Teachers, Postsecondary","$64,950 ","$55,790 "
"Recreation and Fitness Studies Teachers, Postsecondary","$59,280 ","$33,540 "
"Vocational Education Teachers, Postsecondary","$49,470 ","$28,990 "
"Postsecondary Teachers, All Other","$63,000 ","$54,230 "
"Preschool, Primary, Secondary, and Special Education School Teachers","$53,860 ","$57,350 "
Preschool and Kindergarten Teachers,"$34,330 ","$57,160 "
"Preschool Teachers, Except Special Education","$28,570 ","$57,720 "
"Kindergarten Teachers, Except Special Education","$51,640 ","$58,630 "
Elementary and Middle School Teachers,"$55,200 ","$59,130 "
"Elementary School Teachers, Except Special Education","$54,890 ","$59,170 "
"Middle School Teachers, Except Special and Career/Technical Education","$55,860 ","$58,660 "
"Career/Technical Education Teachers, Middle School","$55,190 ","$58,710 "
Secondary School Teachers,"$57,110 ","$53,640 "
"Secondary School Teachers, Except Special and Career/Technical Education","$57,200 ","$58,600 "
"Career/Technical Education Teachers, Secondary School","$56,130 ","$59,510 "
Special Education Teachers,"$56,610 ","$60,180 "
"Special Education Teachers, Preschool","$53,990 ","$54,800 "
"Special Education Teachers, Kindergarten and Elementary School","$55,810 ","$32,460 "
"Special Education Teachers, Middle School","$57,280 ","$52,100 "
"Special Education Teachers, Secondary School","$58,500 ","$52,100 "
"Special Education Teachers, All Other","$53,920 ","$38,440 "
Other Teachers and Instructors,"$30,760 ","$38,440 "
Adult Basic and Secondary Education and Literacy Teachers and Instructors,"$50,280 ","$30,310 "
Self-Enrichment Education Teachers,"$36,680 ","$28,270 "
Miscellaneous Teachers and Instructors,"$28,960 ","$47,360 "
"Teachers and Instructors, All Other, Except Substitute Teachers","$40,140 ","$51,760 "
Substitute Teachers,"$26,830 ","$53,770 "
"Librarians, Curators, and Archivists","$45,960 ","$40,670 "
"Archivists, Curators, and Museum Technicians","$46,710 ","$58,520 "
Archivists,"$50,250 ","$58,520 "
Curators,"$51,520 ","$33,690 "
Museum Technicians and Conservators,"$40,340 ","$33,690 "
Librarians,"$56,880 ","$28,320 "
Library Technicians,"$32,310 ","$48,590 "
"Other Education, Training, and Library Occupations","$26,970 ","$49,510 "
Audio-Visual and Multimedia Collections Specialists,"$45,890 ","$63,750 "
Farm and Home Management Advisors,"$49,190 ","$26,260 "
Instructional Coordinators,"$62,270 ","$43,140 "
Teacher Assistants,"$24,900 ","$48,230 "
"Miscellaneous Education, Training, and Library Workers","$40,380 ","$74,090 "
"Education, Training, and Library Workers, All Other","$40,380 ","$92,500 "
"Arts, Design, Entertainment, Sports, and Media Occupations","$46,160 ","$34,940 "
Art and Design Workers,"$43,950 ","$49,520 "
Artists and Related Workers,"$67,620 ","$70,530 "
Art Directors,"$89,760 ","$63,540 "
Craft Artists,"$30,720 ","$41,480 "
"Fine Artists, Including Painters, Sculptors, and Illustrators","$46,460 ","$65,970 "
Multimedia Artists and Animators,"$63,970 ","$67,420 "
"Artists and Related Workers, All Other","$58,450 ","$26,350 "
Designers,"$40,530 ","$48,700 "
Commercial and Industrial Designers,"$67,130 ","$51,500 "
Fashion Designers,"$63,670 ","$27,680 "
Floral Designers,"$25,010 ","$53,090 "
Graphic Designers,"$46,900 ","$55,930 "
Interior Designers,"$48,840 ","$42,010 "
Merchandise Displayers and Window Trimmers,"$26,870 ","$62,760 "
Set and Exhibit Designers,"$49,530 "," $49,530.00 "
"Designers, All Other","$53,280 ","$71,620 "
"Entertainers and Performers, Sports and Related Workers","$40,030 ","$32,200 "
"Actors, Producers, and Directors","$60,480 ","$51,370 "
Actors,*,"$32,270 "
Producers and Directors,"$68,440 ","$26,800 "
"Athletes, Coaches, Umpires, and Related Workers","$31,010 ","$35,680 "
Athletes and Sports Competitors,"$44,680 ","$44,680 "
Coaches and Scouts,"$31,000 ","$48,420 "
"Umpires, Referees, and Other Sports Officials","$24,870 ","$24,870 "
Dancers and Choreographers,"$35,050 ","$50,590 "
Choreographers,"$45,940 ","$45,940 "
Music Directors and Composers,"$49,820 ","$56,340 "
Musicians and Singers,*,"$31,500 "
"Miscellaneous Entertainers and Performers, Sports and Related Workers",*,"$32,450 "
"Entertainers and Performers, Sports and Related Workers, All Other",*,"$28,440 "
Media and Communication Workers,"$53,530 ","$40,910 "
Announcers,"$30,080 ","$62,910 "
Radio and Television Announcers,"$30,960 ","$39,370 "
Public Address System and Other Announcers,"$26,930 ","$59,300 "
"News Analysts, Reporters and Correspondents","$37,720 ","$59,300 "
Broadcast News Analysts,"$65,530 ","$62,720 "
Reporters and Correspondents,"$36,360 ","$58,770 "
Public Relations Specialists,"$56,770 ","$70,930 "
Writers and Editors,"$60,820 ","$47,360 "
Editors,"$56,010 ","$47,190 "
Technical Writers,"$70,240 ","$47,900 "
Writers and Authors,"$60,250 ","$45,570 "
Miscellaneous Media and Communication Workers,"$44,480 ","$42,660 "
Interpreters and Translators,"$44,190 ","$42,190 "
"Media and Communication Workers, All Other","$45,220 ","$39,060 "
Media and Communication Equipment Workers,"$43,480 ","$44,330 "
Broadcast and Sound Engineering Technicians and Radio Operators,"$41,860 ","$55,810 "
Audio and Video Equipment Technicians,"$41,440 ","$32,490 "
Broadcast Technicians,"$37,490 ","$32,490 "
Radio Operators,"$50,040 ","$58,210 "
Sound Engineering Technicians,"$53,330 ","$53,550 "
Photographers,"$31,710 ","$61,180 "
"Television, Video, and Motion Picture Camera Operators and Editors","$55,740 ","$79,500 "
"Camera Operators, Television, Video, and Motion Picture","$49,080 ","$64,770 "
Film and Video Editors,"$61,750 ","$79,480 "
Miscellaneous Media and Communication Equipment Workers,"$70,590 ","$68,640 "
"Media and Communication Equipment Workers, All Other","$70,590 ","$68,640 "
Healthcare Practitioners and Technical Occupations,"$62,610 ","$158,120 "
Health Diagnosing and Treating Practitioners,"$76,760 ","$151,440 "
Chiropractors,"$64,440 ","$64,440 "
Dentists,"$158,310 ","$185,150 "
"Dentists, General","$152,700 ","$190,840 "
Oral and Maxillofacial Surgeons,#,"$59,410 "
Orthodontists,#,"$59,410 "
Prosthodontists,"$119,740 ","$110,300 "
"Dentists, All Other Specialists","$171,000 ","$110,300 "
Dietitians and Nutritionists,"$57,910 ","$124,170 "
Optometrists,"$103,900 ","$103,900 "
Pharmacists,"$121,500 ","$198,740 "
Anesthesiologists,#,"$172,650 "
Family and General Practitioners,"$184,390 ","$184,390 "
"Internists, General"," $188,200.00 "," $191,880.00 "
Obstetricians and Gynecologists," $192,430.00 "," $207,220.00 "
"Pediatricians, General","$170,300 ","$104,860 "
Psychiatrists,#,"$104,860 "
Surgeons,#,"$127,740 "
"Physicians and Surgeons, All Other",#,"$127,740 "
Physician Assistants,"$98,180 ","$76,530 "
Podiatrists,"$119,340 ","$86,850 "
Therapists,"$73,900 ","$47,680 "
Occupational Therapists,"$80,150 ","$59,710 "
Physical Therapists,"$84,020 ","$76,610 "
Radiation Therapists,"$80,220 ","$49,090 "
Recreational Therapists,"$45,890 ","$53,850 "
Respiratory Therapists,"$57,790 ","$90,420 "
Speech-Language Pathologists,"$73,410 ","$90,420 "
Exercise Physiologists,"$47,010 ","$70,000 "
"Therapists, All Other","$56,010 ","$70,000 "
Veterinarians,"$88,490 ","$165,120 "
Registered Nurses,"$67,490 ","$100,590 "
Nurse Anesthetists,"$157,140 ","$103,880 "
Nurse Midwives,"$92,510 ","$75,920 "
Nurse Practitioners,"$98,190 ","$73,830 "
Audiologists,"$74,890 ","$43,590 "
Miscellaneous Health Diagnosing and Treating Practitioners,"$74,710 ","$51,770 "
"Health Diagnosing and Treating Practitioners, All Other","$74,710 ","$74,070 "
Health Technologists and Technicians,"$42,190 ","$74,070 "
Clinical Laboratory Technologists and Technicians,"$50,550 ","$62,350 "
Medical and Clinical Laboratory Technologists,"$60,520 ","$55,270 "
Medical and Clinical Laboratory Technicians,"$38,970 ","$71,410 "
Dental Hygienists,"$72,330 ","$75,660 "
Diagnostic Related Technologists and Technicians,"$60,400 ","$69,930 "
Cardiovascular Technologists and Technicians,"$54,880 ","$33,380 "
Diagnostic Medical Sonographers,"$68,970 ","$33,380 "
Nuclear Medicine Technologists,"$73,360 ","$33,860 "
Radiologic Technologists,"$56,670 ","$26,500 "
Magnetic Resonance Imaging Technologists,"$67,720 ","$31,750 "
Emergency Medical Technicians and Paramedics,"$31,980 ","$31,670 "
Health Practitioner Support Technologists and Technicians,"$32,680 ","$46,310 "
Dietetic Technicians,"$26,040 ","$33,400 "
Pharmacy Technicians,"$30,410 ","$35,910 "
Psychiatric Technicians,"$31,140 ","$45,030 "
Respiratory Therapy Technicians,"$48,490 ","$45,030 "
Surgical Technologists,"$44,330 ","$39,180 "
Veterinary Technologists and Technicians,"$31,800 ","$39,180 "
Ophthalmic Medical Technicians,"$35,350 ","$36,250 "
Licensed Practical and Licensed Vocational Nurses,"$43,170 ","$36,250 "
Medical Records and Health Information Technicians,"$37,110 ","$66,240 "
"Opticians, Dispensing","$34,840 ","$41,800 "
Miscellaneous Health Technologists and Technicians,"$42,730 ","$67,720 "
Orthotists and Prosthetists,"$64,430 ","$71,780 "
Hearing Aid Specialists,"$49,600 ","$49,960 "
"Health Technologists and Technicians, All Other","$41,260 ","$49,340 "
Other Healthcare Practitioners and Technical Occupations,"$57,990 ","$46,630 "
Occupational Health and Safety Specialists and Technicians,"$65,920 ","$77,480 "
Occupational Health and Safety Specialists,"$70,210 ","$51,530 "
Occupational Health and Safety Technicians,"$48,070 ","$28,710 "
Miscellaneous Health Practitioners and Technical Workers,"$47,090 ","$25,610 "
Athletic Trainers,"$44,670 ","$25,610 "
Genetic Counselors,"$72,090 ","$23,210 "
"Healthcare Practitioners and Technical Workers, All Other","$48,270 ","$27,110 "
Healthcare Support Occupations,"$27,040 ","$27,520 "
"Nursing, Psychiatric, and Home Health Aides","$24,040 ","$27,180 "
Home Health Aides,"$21,920 ","$56,690 "
Psychiatric Aides,"$26,190 ","$59,310 "
Nursing Assistants,"$25,710 ","$29,200 "
Orderlies,"$25,580 ","$46,920 "
Occupational Therapy and Physical Therapist Assistants and Aides,"$46,720 ","$57,430 "
Occupational Therapy Assistants and Aides,"$54,520 ","$25,730 "
Occupational Therapy Assistants,"$57,870 ","$33,920 "
Occupational Therapy Aides,"$27,800 ","$39,990 "
Physical Therapist Assistants and Aides,"$42,980 ","$39,990 "
Physical Therapist Assistants,"$55,170 ","$33,660 "
Physical Therapist Aides,"$25,120 ","$37,630 "
Other Healthcare Support Occupations,"$32,210 ","$32,480 "
Massage Therapists,"$38,040 ","$35,370 "
Miscellaneous Healthcare Support Occupations,"$31,950 ","$26,120 "
Dental Assistants,"$35,980 ","$26,140 "
Medical Assistants,"$30,590 ","$33,670 "
Medical Equipment Preparers,"$33,330 ","$37,220 "
Medical Transcriptionists,"$34,890 ","$39,550 "
Pharmacy Aides,"$24,450 ","$69,440 "
Veterinary Assistants and Laboratory Animal Caretakers,"$24,360 ","$80,120 "
Phlebotomists,"$31,630 ","$62,500 "
"Healthcare Support Workers, All Other","$35,780 ","$87,910 "
Protective Service Occupations,"$37,730 ","$76,170 "
Supervisors of Protective Service Workers,"$66,060 ","$76,170 "
First-Line Supervisors of Law Enforcement Workers,"$75,250 ","$49,430 "
First-Line Supervisors of Correctional Officers,"$59,720 ","$49,430 "
First-Line Supervisors of Police and Detectives,"$82,090 ","$49,410 "
First-Line Supervisors of Fire Fighting and Prevention Workers,"$72,230 ","$49,080 "
"Miscellaneous First-Line Supervisors, Protective Service Workers","$46,900 ","$56,670 "
"First-Line Supervisors of Protective Service Workers, All Other","$46,900 ","$59,260 "
Fire Fighting and Prevention Workers,"$47,250 ","$37,380 "
Firefighters,"$46,870 ","$54,520 "
Fire Inspectors,"$54,790 ","$42,960 "
Fire Inspectors and Investigators,"$56,730 ","$43,540 "
Forest Fire Inspectors and Prevention Specialists,"$36,650 ","$79,970 "
Law Enforcement Workers,"$52,070 ","$79,970 "
"Bailiffs, Correctional Officers, and Jailers","$40,580 ","$56,410 "
Bailiffs,"$41,670 ","$56,410 "
Correctional Officers and Jailers,"$40,530 ","$39,030 "
Detectives and Criminal Investigators,"$77,210 ","$39,030 "
Fish and Game Wardens,"$52,780 ","$61,050 "
Parking Enforcement Workers,"$36,530 ","$27,150 "
Police Officers,"$58,330 ","$35,520 "
Police and Sheriff's Patrol Officers,"$58,320 ","$50,700 "
Transit and Railroad Police,"$59,670 ","$50,700 "
Other Protective Service Workers,"$24,870 ","$26,960 "
Animal Control Workers,"$33,450 ","$33,260 "
Private Detectives and Investigators,"$45,610 ","$26,160 "
Security Guards and Gaming Surveillance Officers,"$24,680 ","$21,290 "
Gaming Surveillance Officers and Gaming Investigators,"$31,170 ","$40,580 "
Security Guards,"$24,630 ","$30,240 "
Miscellaneous Protective Service Workers,"$24,280 ","$21,910 "
Crossing Guards,"$25,100 ","$33,400 "
"Lifeguards, Ski Patrol, and Other Recreational Protective Service Workers","$19,500 ","$33,400 "
Transportation Security Screeners,"$39,310 ","$45,950 "
"Protective Service Workers, All Other","$28,650 ","$31,960 "
Food Preparation and Serving Related Occupations,"$19,580 ","$23,620 "
Supervisors of Food Preparation and Serving Workers,"$31,420 ","$23,970 "
Chefs and Head Cooks,"$41,500 ","$25,860 "
First-Line Supervisors of Food Preparation and Serving Workers,"$30,340 ","$38,280 "
Cooks and Food Preparation Workers,"$21,310 ","$25,180 "
Cooks,"$21,720 ","$22,740 "
"Cooks, Fast Food","$19,080 ","$27,990 "
"Cooks, Institution and Cafeteria","$23,960 ","$22,730 "
"Cooks, Private Household","$26,300 ","$22,730 "
"Cooks, Restaurant","$23,100 ","$20,500 "
"Cooks, Short Order","$20,780 ","$21,690 "
"Cooks, All Other","$26,350 ","$21,690 "
Food Preparation Workers,"$20,180 ","$20,240 "
Food and Beverage Serving Workers,"$19,110 ","$21,280 "
Bartenders,"$19,530 ","$20,820 "
Fast Food and Counter Workers,"$18,960 ","$22,320 "
"Combined Food Preparation and Serving Workers, Including Fast Food","$18,910 ","$22,320 "
"Counter Attendants, Cafeteria, Food Concession, and Coffee Shop","$19,230 ","$21,490 "
Waiters and Waitresses,"$19,250 ","$21,160 "
"Food Servers, Nonrestaurant","$20,420 ","$21,500 "
Other Food Preparation and Serving Related Workers,"$19,290 ","$20,930 "
Dining Room and Cafeteria Attendants and Bartender Helpers,"$19,280 ","$20,930 "
Dishwashers,"$19,340 ","$22,620 "
"Hosts and Hostesses, Restaurant, Lounge, and Coffee Shop","$19,180 ","$42,190 "
Miscellaneous Food Preparation and Serving Related Workers,"$20,380 ","$39,230 "
"Food Preparation and Serving Related Workers, All Other","$20,380 ","$47,030 "
Building and Grounds Cleaning and Maintenance Occupations,"$23,860 ","$24,360 "
Supervisors of Building and Grounds Cleaning and Maintenance Workers,"$39,440 ","$24,240 "
First-Line Supervisors of Building and Grounds Cleaning and Maintenance Workers,"$39,440 ","$24,990 "
First-Line Supervisors of Housekeeping and Janitorial Workers,"$37,050 ","$22,860 "
"First-Line Supervisors of Landscaping, Lawn Service, and Groundskeeping Workers","$43,980 ","$29,060 "
Building Cleaning and Pest Control Workers,"$22,740 ","$34,370 "
Building Cleaning Workers,"$22,590 ","$34,370 "
"Janitors and Cleaners, Except Maids and Housekeeping Cleaners","$23,440 ","$28,110 "
Maids and Housekeeping Cleaners,"$20,740 ","$28,110 "
"Building Cleaning Workers, All Other","$29,250 ","$27,670 "
Pest Control Workers,"$32,160 ","$34,830 "
Grounds Maintenance Workers,"$25,610 ","$30,060 "
Landscaping and Groundskeeping Workers,"$25,030 ","$38,500 "
"Pesticide Handlers, Sprayers, and Applicators, Vegetation","$32,540 ","$48,850 "
Tree Trimmers and Pruners,"$33,500 ","$48,850 "
"Grounds Maintenance Workers, All Other","$29,220 ","$37,450 "
Personal Care and Service Occupations,"$21,850 ","$37,450 "
Supervisors of Personal Care and Service Workers,"$36,840 ","$23,160 "
First-Line Supervisors of Gaming Workers,"$46,160 ","$28,880 "
Gaming Supervisors,"$49,730 ","$28,880 "
Slot Supervisors,"$35,680 ","$22,950 "
First-Line Supervisors of Personal Service Workers,"$35,710 ","$22,950 "
Animal Care and Service Workers,"$21,260 ","$20,230 "
Animal Trainers,"$26,610 ","$19,820 "
Nonfarm Animal Caretakers,"$21,010 ","$27,040 "
Entertainment Attendants and Related Workers,"$19,320 ","$22,050 "
Gaming Services Workers,"$19,220 ","$20,820 "
Gaming Dealers,"$19,000 ","$20,820 "
Gaming and Sports Book Writers and Runners,"$22,700 ","$21,370 "
"Gaming Service Workers, All Other","$24,040 ","$21,060 "
Motion Picture Projectionists,"$21,490 ","$42,620 "
"Ushers, Lobby Attendants, and Ticket Takers","$19,180 ","$24,200 "
Miscellaneous Entertainment Attendants and Related Workers,"$19,410 ","$42,780 "
Amusement and Recreation Attendants,"$19,280 ","$42,780 "
Costume Attendants,"$44,500 ","$25,050 "
"Locker Room, Coatroom, and Dressing Room Attendants","$21,020 ","$25,050 "
"Entertainment Attendants and Related Workers, All Other","$22,720 ","$51,850 "
Funeral Service Workers,"$30,770 ","$51,850 "
Embalmers,"$40,410 ","$24,410 "
Funeral Attendants,"$23,770 ","$25,650 "
"Morticians, Undertakers, and Funeral Directors","$48,490 ","$23,790 "
Personal Appearance Workers,"$23,240 ","$23,230 "
"Barbers, Hairdressers, Hairstylists and Cosmetologists","$23,710 ","$20,320 "
Barbers,"$24,850 ","$30,080 "
"Hairdressers, Hairstylists, and Cosmetologists","$23,660 ","$25,700 "
Miscellaneous Personal Appearance Workers,"$22,150 ","$25,700 "
"Makeup Artists, Theatrical and Performance","$53,230 ","$23,230 "
Manicurists and Pedicurists,"$20,820 ","$30,150 "
Shampooers,"$19,290 ","$25,770 "
Skincare Specialists,"$30,090 ","$25,770 "
"Baggage Porters, Bellhops, and Concierges","$24,130 ","$25,770 "
Baggage Porters and Bellhops,"$21,160 ","$22,290 "
Concierges,"$29,030 ","$22,290 "
Tour and Travel Guides,"$24,650 ","$23,100 "
Tour Guides and Escorts,"$24,100 ","$28,550 "
Travel Guides,"$34,180 ","$39,210 "
Other Personal Care and Service Workers,"$21,640 ","$24,540 "
Childcare Workers,"$20,320 ","$26,830 "
Personal Care Aides,"$20,980 ","$25,900 "
Recreation and Fitness Workers,"$26,550 ","$27,020 "
Fitness Trainers and Aerobics Instructors,"$36,160 ","$41,860 "
Recreation Workers,"$23,320 ","$41,860 "
Residential Advisors,"$24,990 ","$38,550 "
Miscellaneous Personal Care and Service Workers,"$22,310 ","$22,400 "
"Personal Care and Service Workers, All Other","$22,310 ","$21,050 "
Sales and Related Occupations,"$25,660 ","$21,030 "
Supervisors of Sales Workers,"$41,330 ","$23,910 "
First-Line Supervisors of Sales Workers,"$41,330 ","$27,130 "
First-Line Supervisors of Retail Sales Workers,"$38,310 ","$25,820 "
First-Line Supervisors of Non-Retail Sales Workers,"$72,300 ","$29,380 "
Retail Sales Workers,"$20,470 ","$23,210 "
Cashiers,"$19,320 ","$23,210 "
Gaming Change Persons and Booth Cashiers,"$22,930 ","$49,680 "
Counter and Rental Clerks and Parts Salespersons,"$26,160 ","$49,680 "
Counter and Rental Clerks,"$24,440 ","$49,710 "
Parts Salespersons,"$29,650 ","$49,710 "
Retail Salespersons,"$21,780 ","$63,780 "
"Sales Representatives, Services","$51,540 ","$36,990 "
Advertising Sales Agents,"$48,490 ","$36,990 "
Insurance Sales Agents,"$48,200 ","$52,510 "
"Securities, Commodities, and Financial Services Sales Agents","$71,550 ","$60,340 "
Travel Agents,"$35,660 ","$56,970 "
"Miscellaneous Sales Representatives, Services","$51,700 ","$26,970 "
"Sales Representatives, Services, All Other","$51,700 ","$27,060 "
"Sales Representatives, Wholesale and Manufacturing","$59,080 ","$22,900 "
"Sales Representatives, Wholesale and Manufacturing, Technical and Scientific Products","$76,190 ","$56,730 "
"Sales Representatives, Wholesale and Manufacturing, Except Technical and Scientific Products","$55,730 ","$45,990 "
Other Sales and Related Workers,"$30,870 ","$98,720 "
"Models, Demonstrators, and Product Promoters","$24,970 ","$98,720 "
Demonstrators and Product Promoters,"$24,940 ","$24,460 "
Models,"$27,530 ","$24,460 "
Real Estate Brokers and Sales Agents,"$45,610 ","$32,840 "
Real Estate Brokers,"$56,860 ","$23,810 "
Real Estate Sales Agents,"$43,370 ","$33,890 "
Sales Engineers,"$97,650 ","$34,740 "
Telemarketers,"$23,530 ","$55,060 "
Miscellaneous Sales and Related Workers,"$31,940 ","$29,160 "
"Door-to-Door Sales Workers, News and Street Vendors, and Related Workers","$22,210 ","$28,700 "
"Sales and Related Workers, All Other","$33,240 ","$28,700 "
Office and Administrative Support Occupations,"$33,200 ","$36,320 "
Supervisors of Office and Administrative Support Workers,"$52,630 ","$36,320 "
First-Line Supervisors of Office and Administrative Support Workers,"$52,630 ","$41,480 "
Communications Equipment Operators,"$28,010 ","$36,520 "
"Switchboard Operators, Including Answering Service","$27,440 ","$35,330 "
Telephone Operators,"$35,880 ","$36,860 "
Miscellaneous Communications Equipment Operators,"$40,330 ","$39,240 "
"Communications Equipment Operators, All Other","$40,330 ","$39,240 "
Financial Clerks,"$34,830 ","$26,320 "
Bill and Account Collectors,"$34,440 ","$26,320 "
Billing and Posting Clerks,"$35,050 ","$43,890 "
"Bookkeeping, Accounting, and Auditing Clerks","$37,250 ","$41,910 "
Gaming Cage Workers,"$25,860 ","$28,110 "
Payroll and Timekeeping Clerks,"$41,000 ","$39,970 "
Procurement Clerks,"$40,600 ","$49,800 "
Tellers,"$26,410 ","$36,620 "
Miscellaneous Financial Clerks,"$40,080 ","$37,300 "
"Financial Clerks, All Other","$40,080 ","$37,300 "
Information and Record Clerks,"$31,010 ","$37,290 "
Brokerage Clerks,"$48,180 ","$37,290 "
Correspondence Clerks,"$35,320 ","$32,890 "
"Court, Municipal, and License Clerks","$35,850 ","$44,400 "
"Credit Authorizers, Checkers, and Clerks","$35,280 ","$30,120 "
Customer Service Representatives,"$31,720 ","$22,850 "
"Eligibility Interviewers, Government Programs","$43,170 ","$33,110 "
File Clerks,"$27,850 ","$25,810 "
"Hotel, Motel, and Resort Desk Clerks","$21,040 ","$39,060 "
"Interviewers, Except Eligibility and Loan","$31,410 ","$35,260 "
"Library Assistants, Clerical","$24,480 ","$33,510 "
Loan Interviewers and Clerks,"$37,710 ","$39,480 "
New Accounts Clerks,"$34,880 ","$28,390 "
Order Clerks,"$32,330 ","$36,280 "
"Human Resources Assistants, Except Payroll and Timekeeping","$38,100 ","$39,860 "
Receptionists and Information Clerks,"$27,300 ","$41,820 "
Reservation and Transportation Ticket Agents and Travel Clerks,"$35,170 ","$28,250 "
Miscellaneous Information and Record Clerks,"$37,990 ","$39,090 "
"Information and Record Clerks, All Other","$37,990 ","$39,640 "
"Material Recording, Scheduling, Dispatching, and Distributing Workers","$29,780 ","$38,790 "
Cargo and Freight Agents,"$41,870 ","$39,240 "
Couriers and Messengers,"$27,280 ","$57,260 "
Dispatchers,"$37,440 ","$57,000 "
"Police, Fire, and Ambulance Dispatchers","$38,010 ","$57,260 "
"Dispatchers, Except Police, Fire, and Ambulance","$37,150 ","$46,670 "
"Meter Readers, Utilities","$38,510 ","$46,670 "
Postal Service Workers,"$56,790 ","$31,810 "
Postal Service Clerks,"$56,790 ","$24,470 "
Postal Service Mail Carriers,"$58,280 ","$24,470 "
"Postal Service Mail Sorters, Processors, and Processing Machine Operators","$56,740 ","$30,180 "
"Production, Planning, and Expediting Clerks","$46,150 ","$30,180 "
"Shipping, Receiving, and Traffic Clerks","$30,450 ","$37,870 "
Stock Clerks and Order Fillers,"$23,220 ","$44,730 "
"Weighers, Measurers, Checkers, and Samplers, Recordkeeping","$28,690 ","$35,590 "
Secretaries and Administrative Assistants,"$36,500 ","$44,270 "
Executive Secretaries and Executive Administrative Assistants,"$53,370 ","$32,960 "
Legal Secretaries,"$43,200 ","$30,930 "
Medical Secretaries,"$33,040 ","$39,740 "
"Secretaries and Administrative Assistants, Except Legal, Medical, and Executive","$33,910 ","$42,350 "
Other Office and Administrative Support Workers,"$30,520 ","$42,350 "
Computer Operators,"$40,420 ","$38,790 "
Data Entry and Information Processing Workers,"$31,180 ","$29,620 "
Data Entry Keyers,"$29,460 ","$29,620 "
Word Processors and Typists,"$37,610 ","$31,500 "
Desktop Publishers,"$39,840 ","$31,500 "
Insurance Claims and Policy Processing Clerks,"$37,530 ","$31,360 "
"Mail Clerks and Mail Machine Operators, Except Postal Service","$28,570 ","$37,550 "
"Office Clerks, General","$29,580 ","$47,400 "
"Office Machine Operators, Except Computer","$29,010 ","$35,590 "
Proofreaders and Copy Markers,"$35,630 ","$46,570 "
Statistical Assistants,"$42,700 ","$46,570 "
Miscellaneous Office and Administrative Support Workers,"$32,590 ","$43,390 "
"Office and Administrative Support Workers, All Other","$32,590 ","$43,390 "
"Farming, Fishing, and Forestry Occupations","$21,760 ","$37,560 "
"Supervisors of Farming, Fishing, and Forestry Workers","$45,340 ","$37,560 "
"First-Line Supervisors of Farming, Fishing, and Forestry Workers","$45,340 ","$23,340 "
Agricultural Workers,"$20,500 ","$23,710 "
Agricultural Inspectors,"$43,380 ","$30,110 "
Animal Breeders,"$39,380 ","$25,470 "
"Graders and Sorters, Agricultural Products","$21,100 ","$28,530 "
Miscellaneous Agricultural Workers,"$20,080 ","$28,310 "
Agricultural Equipment Operators,"$27,840 ","$37,460 "
"Farmworkers and Laborers, Crop, Nursery, and Greenhouse","$19,770 ","$27,650 "
"Farmworkers, Farm, Ranch, and Aquacultural Animals","$23,750 ","$27,650 "
"Agricultural Workers, All Other","$29,830 ","$38,840 "
Fishing and Hunting Workers,"$28,100 ","$40,690 "
Fishers and Related Fishing Workers,"$27,340 ","$38,390 "
"Forest, Conservation, and Logging Workers","$35,150 ","$39,740 "
Forest and Conservation Workers,"$26,190 ","$44,730 "
Logging Workers,"$36,210 ","$64,070 "
Fallers,"$36,400 ","$64,070 "
Logging Equipment Operators,"$36,290 ","$43,490 "
Log Graders and Scalers,"$36,110 ","$62,260 "
"Logging Workers, All Other","$35,620 ","$62,260 "
Construction and Extraction Occupations,"$42,280 ","$48,200 "
Supervisors of Construction and Extraction Workers,"$62,070 ","$49,770 "
First-Line Supervisors of Construction Trades and Extraction Workers,"$62,070 ","$38,940 "
Construction Trades Workers,"$41,020 ","$45,170 "
Boilermakers,"$60,120 ","$40,250 "
"Brickmasons, Blockmasons, and Stonemasons","$46,420 ","$40,040 "
Brickmasons and Blockmasons,"$47,950 ","$36,950 "
Stonemasons,"$38,630 ","$41,680 "
Carpenters,"$42,090 ","$40,650 "
"Carpet, Floor, and Tile Installers and Finishers","$38,230 ","$40,590 "
Carpet Installers,"$37,220 ","$34,530 "
"Floor Layers, Except Carpet, Wood, and Hard Tiles","$37,030 ","$34,530 "
Floor Sanders and Finishers,"$36,930 ","$46,080 "
Tile and Marble Setters,"$39,400 ","$39,120 "
"Cement Masons, Concrete Finishers, and Terrazzo Workers","$37,780 ","$57,650 "
Cement Masons and Concrete Finishers,"$37,740 ","$47,040 "
Terrazzo Workers and Finishers,"$40,710 ","$43,970 "
Construction Laborers,"$31,910 ","$42,860 "
Construction Equipment Operators,"$43,810 ","$54,110 "
"Paving, Surfacing, and Tamping Equipment Operators","$38,270 ","$54,110 "
Pile-Driver Operators,"$49,430 ","$42,580 "
Operating Engineers and Other Construction Equipment Operators,"$44,600 ","$42,580 "
"Drywall Installers, Ceiling Tile Installers, and Tapers","$40,470 ","$39,930 "
Drywall and Ceiling Tile Installers,"$39,220 ","$37,050 "
Tapers,"$47,970 ","$45,550 "
Electricians,"$51,880 ","$37,950 "
Glaziers,"$39,440 ","$37,030 "
Insulation Workers,"$38,630 ","$38,400 "
"Insulation Workers, Floor, Ceiling, and Wall","$35,040 ","$52,590 "
"Insulation Workers, Mechanical","$43,610 ","$40,750 "
Painters and Paperhangers,"$36,550 ","$40,750 "
"Painters, Construction and Maintenance","$36,580 ","$46,850 "
Paperhangers,"$33,590 ","$46,850 "
"Pipelayers, Plumbers, Pipefitters, and Steamfitters","$49,340 ","$38,970 "
Pipelayers,"$37,780 ","$38,970 "
"Plumbers, Pipefitters, and Steamfitters","$50,620 ","$47,990 "
Plasterers and Stucco Masons,"$37,320 ","$47,990 "
Reinforcing Iron and Rebar Workers,"$48,010 ","$52,610 "
Roofers,"$36,720 ","$39,490 "
Sheet Metal Workers,"$45,750 ","$30,120 "
Structural Iron and Steel Workers,"$50,490 ","$29,860 "
Solar Photovoltaic Installers,"$37,830 ","$28,760 "
"Helpers, Construction Trades","$28,380 ","$28,500 "
"Helpers--Brickmasons, Blockmasons, Stonemasons, and Tile and Marble Setters","$29,320 ","$44,090 "
Helpers--Carpenters,"$27,890 ","$59,090 "
Helpers--Electricians,"$28,730 ","$59,090 "
"Helpers--Painters, Paperhangers, Plasterers, and Stucco Masons","$26,480 ","$79,480 "
"Helpers--Pipelayers, Plumbers, Pipefitters, and Steamfitters","$28,500 ","$79,480 "
Helpers--Roofers,"$27,110 ","$33,320 "
"Helpers, Construction Trades, All Other","$28,510 ","$33,320 "
Other Construction and Related Workers,"$41,930 ","$41,400 "
Construction and Building Inspectors,"$57,340 ","$41,400 "
Elevator Installers and Repairers,"$80,870 ","$38,700 "
Fence Erectors,"$32,450 ","$56,060 "
Hazardous Materials Removal Workers,"$39,690 ","$37,950 "
Highway Maintenance Workers,"$36,930 ","$38,040 "
Rail-Track Laying and Maintenance Equipment Operators,"$52,830 ","$49,000 "
Septic Tank Servicers and Sewer Pipe Cleaners,"$35,370 ","$53,980 "
Miscellaneous Construction and Related Workers,"$36,000 ","$43,850 "
Segmental Pavers,"$30,730 ","$43,850 "
"Construction and Related Workers, All Other","$36,300 ","$49,650 "
Extraction Workers,"$42,680 ","$49,650 "
"Derrick, Rotary Drill, and Service Unit Operators, Oil, Gas, and Mining","$47,240 ","$53,200 "
"Derrick Operators, Oil and Gas","$47,910 ","$54,620 "
"Rotary Drill Operators, Oil and Gas","$54,310 ","$52,270 "
"Service Unit Operators, Oil, Gas, and Mining","$45,000 ","$48,850 "
"Earth Drillers, Except Oil and Gas","$44,240 ","$34,350 "
"Explosives Workers, Ordnance Handling Experts, and Blasters","$50,210 ","$58,450 "
Mining Machine Operators,"$49,560 ","$36,960 "
Continuous Mining Machine Operators,"$48,620 ","$36,960 "
Mine Cutting and Channeling Machine Operators,"$51,810 ","$35,710 "
"Mining Machine Operators, All Other","$48,550 ","$35,710 "
"Rock Splitters, Quarry","$33,820 ","$49,230 "
"Roof Bolters, Mining","$54,950 ","$44,520 "
"Roustabouts, Oil and Gas","$36,510 ","$64,780 "
Helpers--Extraction Workers,"$35,760 ","$49,530 "
Miscellaneous Extraction Workers,"$44,370 ","$37,710 "
"Extraction Workers, All Other","$44,370 ","$53,590 "
"Installation, Maintenance, and Repair Occupations","$42,790 ","$56,000 "
"Supervisors of Installation, Maintenance, and Repair Workers","$63,010 ","$53,380 "
"First-Line Supervisors of Mechanics, Installers, and Repairers","$63,010 ","$51,630 "
"Electrical and Electronic Equipment Mechanics, Installers, and Repairers","$48,470 ","$42,580 "
"Computer, Automated Teller, and Office Machine Repairers","$36,840 ","$60,840 "
Radio and Telecommunications Equipment Installers and Repairers,"$54,390 ","$78,410 "
"Radio, Cellular, and Tower Equipment Installers and Repairers","$51,660 ","$34,530 "
"Telecommunications Equipment Installers and Repairers, Except Line Installers","$54,570 ","$37,190 "
"Miscellaneous Electrical and Electronic Equipment Mechanics, Installers, and Repairers","$49,750 ","$45,670 "
Avionics Technicians,"$58,540 ","$42,130 "
"Electric Motor, Power Tool, and Related Repairers","$40,520 ","$61,020 "
"Electrical and Electronics Installers and Repairers, Transportation Equipment","$58,990 ","$61,020 "
"Electrical and Electronics Repairers, Commercial and Industrial Equipment","$55,690 ","$39,780 "
"Electrical and Electronics Repairers, Powerhouse, Substation, and Relay","$73,810 ","$41,970 "
"Electronic Equipment Installers and Repairers, Motor Vehicles","$31,360 ","$34,170 "
Electronic Home Entertainment Equipment Installers and Repairers,"$37,790 ","$39,550 "
Security and Fire Alarm Systems Installers,"$43,420 ","$46,360 "
"Vehicle and Mobile Equipment Mechanics, Installers, and Repairers","$40,160 ","$46,360 "
Aircraft Mechanics and Service Technicians,"$58,370 ","$49,440 "
Automotive Technicians and Repairers,"$38,290 ","$50,860 "
Automotive Body and Related Repairers,"$40,970 ","$57,460 "
Automotive Glass Installers and Repairers,"$33,830 ","$35,990 "
Automotive Service Technicians and Mechanics,"$37,850 ","$38,960 "
Bus and Truck Mechanics and Diesel Engine Specialists,"$44,520 ","$35,680 "
Heavy Vehicle and Mobile Equipment Service Technicians and Mechanics,"$47,120 ","$27,690 "
Farm Equipment Mechanics and Service Technicians,"$37,050 ","$28,390 "
"Mobile Heavy Equipment Mechanics, Except Engines","$48,770 ","$37,200 "
Rail Car Repairers,"$55,570 ","$26,710 "
Small Engine Mechanics,"$34,650 ","$42,010 "
Motorboat Mechanics and Service Technicians,"$38,280 ","$49,020 "
Motorcycle Mechanics,"$34,220 ","$39,510 "
Outdoor Power Equipment and Other Small Engine Mechanics,"$32,710 ","$55,850 "
"Miscellaneous Vehicle and Mobile Equipment Mechanics, Installers, and Repairers","$25,140 ","$47,080 "
Bicycle Repairers,"$27,470 ","$47,080 "
Recreational Vehicle Service Technicians,"$35,670 ","$38,160 "
Tire Repairers and Changers,"$24,220 ","$38,160 "
"Other Installation, Maintenance, and Repair Occupations","$40,330 ","$50,430 "
Control and Valve Installers and Repairers,"$47,400 ","$51,360 "
Mechanical Door Repairers,"$38,160 ","$45,540 "
"Control and Valve Installers and Repairers, Except Mechanical Door","$54,100 ","$53,980 "
"Heating, Air Conditioning, and Refrigeration Mechanics and Installers","$45,110 ","$48,570 "
Home Appliance Repairers,"$36,200 ","$69,380 "
"Industrial Machinery Installation, Repair, and Maintenance Workers","$48,410 ","$47,920 "
Industrial Machinery Mechanics,"$49,690 ","$40,770 "
"Maintenance Workers, Machinery","$43,260 ","$48,820 "
Millwrights,"$51,390 ","$36,530 "
"Refractory Materials Repairers, Except Brickmasons","$47,060 ","$35,770 "
Line Installers and Repairers,"$61,430 ","$56,940 "
Electrical Power-Line Installers and Repairers,"$66,450 ","$37,670 "
Telecommunications Line Installers and Repairers,"$52,920 ","$37,670 "
Precision Instrument and Equipment Repairers,"$45,640 ","$53,880 "
Camera and Photographic Equipment Repairers,"$40,620 ","$53,880 "
Medical Equipment Repairers,"$46,340 ","$35,200 "
Musical Instrument Repairers and Tuners,"$35,660 ","$33,690 "
Watch Repairers,"$34,750 ","$47,210 "
"Precision Instrument and Equipment Repairers, All Other","$54,350 ","$28,640 "
"Maintenance and Repair Workers, General","$36,630 ","$40,680 "
Wind Turbine Service Technicians,"$51,050 ","$48,580 "
"Miscellaneous Installation, Maintenance, and Repair Workers","$33,240 ","$28,490 "
"Coin, Vending, and Amusement Machine Servicers and Repairers","$32,700 ","$38,800 "
Commercial Divers,"$50,470 ","$33,990 "
"Fabric Menders, Except Garment","$24,490 ","$58,870 "
Locksmiths and Safe Repairers,"$39,160 ","$58,870 "
Manufactured Building and Mobile Home Installers,"$30,050 ","$58,870 "
Riggers,"$43,220 ","$31,850 "
Signal and Track Switch Repairers,"$63,840 ","$53,510 "
"Helpers--Installation, Maintenance, and Repair Workers","$26,400 ","$53,510 "
"Installation, Maintenance, and Repair Workers, All Other","$37,730 ","$32,570 "
Production Occupations,"$32,250 ","$33,310 "
Supervisors of Production Workers,"$56,340 ","$32,530 "
First-Line Supervisors of Production and Operating Workers,"$56,340 ","$43,390 "
Assemblers and Fabricators,"$30,080 ","$38,450 "
"Aircraft Structure, Surfaces, Rigging, and Systems Assemblers","$48,970 ","$38,450 "
"Electrical, Electronics, and Electromechanical Assemblers","$31,350 ","$32,290 "
"Coil Winders, Tapers, and Finishers","$31,730 ","$34,800 "
Electrical and Electronic Equipment Assemblers,"$30,860 ","$30,690 "
Electromechanical Equipment Assemblers,"$33,580 ","$27,040 "
Engine and Other Machine Assemblers,"$39,600 ","$25,690 "
Structural Metal Fabricators and Fitters,"$37,050 ","$27,330 "
Miscellaneous Assemblers and Fabricators,"$28,850 ","$25,250 "
Fiberglass Laminators and Fabricators,"$29,160 ","$27,530 "
Team Assemblers,"$29,080 ","$27,630 "
Timing Device Assemblers and Adjusters,"$36,940 ","$29,410 "
"Assemblers and Fabricators, All Other","$27,620 ","$28,500 "
Food Processing Workers,"$25,470 ","$28,420 "
Bakers,"$24,170 ","$24,460 "
"Butchers and Other Meat, Poultry, and Fish Processing Workers","$25,660 ","$40,680 "
Butchers and Meat Cutters,"$29,130 ","$39,230 "
"Meat, Poultry, and Fish Cutters and Trimmers","$23,870 ","$52,550 "
Slaughterers and Meat Packers,"$25,650 ","$35,910 "
Miscellaneous Food Processing Workers,"$26,350 ","$34,600 "
"Food and Tobacco Roasting, Baking, and Drying Machine Operators and Tenders","$28,060 ","$38,650 "
Food Batchmakers,"$26,950 ","$37,860 "
Food Cooking Machine Operators and Tenders,"$27,760 ","$34,230 "
"Food Processing Workers, All Other","$23,720 ","$33,060 "
Metal Workers and Plastic Workers,"$36,730 ","$37,270 "
Computer Control Programmers and Operators,"$38,430 ","$33,480 "
"Computer-Controlled Machine Tool Operators, Metal and Plastic","$37,030 ","$38,580 "
"Computer Numerically Controlled Machine Tool Programmers, Metal and Plastic","$48,990 ","$42,650 "
"Forming Machine Setters, Operators, and Tenders, Metal and Plastic","$34,990 ","$42,600 "
"Extruding and Drawing Machine Setters, Operators, and Tenders, Metal and Plastic","$33,120 ","$42,600 "
"Forging Machine Setters, Operators, and Tenders, Metal and Plastic","$35,070 ","$40,250 "
"Rolling Machine Setters, Operators, and Tenders, Metal and Plastic","$40,590 ","$41,300 "
"Machine Tool Cutting Setters, Operators, and Tenders, Metal and Plastic","$32,830 ","$38,210 "
"Cutting, Punching, and Press Machine Setters, Operators, and Tenders, Metal and Plastic","$31,280 ","$50,390 "
"Drilling and Boring Machine Tool Setters, Operators, and Tenders, Metal and Plastic","$35,480 ","$53,670 "
"Grinding, Lapping, Polishing, and Buffing Machine Tool Setters, Operators, and Tenders, Metal and Plastic","$32,840 ","$45,030 "
"Lathe and Turning Machine Tool Setters, Operators, and Tenders, Metal and Plastic","$36,810 ","$31,420 "
"Milling and Planing Machine Setters, Operators, and Tenders, Metal and Plastic","$38,250 ","$35,140 "
Machinists,"$40,550 ","$31,090 "
"Metal Furnace Operators, Tenders, Pourers, and Casters","$39,490 ","$34,800 "
Metal-Refining Furnace Operators and Tenders,"$42,240 ","$52,480 "
"Pourers and Casters, Metal","$33,850 ","$52,480 "
"Model Makers and Patternmakers, Metal and Plastic","$43,950 ","$39,910 "
"Model Makers, Metal and Plastic","$45,980 ","$40,240 "
"Patternmakers, Metal and Plastic","$40,960 ","$37,190 "
"Molders and Molding Machine Setters, Operators, and Tenders, Metal and Plastic","$29,630 ","$35,390 "
Foundry Mold and Coremakers,"$32,680 ","$37,300 "
"Molding, Coremaking, and Casting Machine Setters, Operators, and Tenders, Metal and Plastic","$29,340 ","$46,310 "
"Multiple Machine Tool Setters, Operators, and Tenders, Metal and Plastic","$33,950 ","$31,920 "
Tool and Die Makers,"$50,290 ","$35,820 "
"Welding, Soldering, and Brazing Workers","$37,910 ","$35,560 "
"Welders, Cutters, Solderers, and Brazers","$38,150 ","$39,910 "
"Welding, Soldering, and Brazing Machine Setters, Operators, and Tenders","$36,150 ","$35,760 "
Miscellaneous Metal Workers and Plastic Workers,"$34,270 ","$32,040 "
"Heat Treating Equipment Setters, Operators, and Tenders, Metal and Plastic","$36,600 ","$24,370 "
"Layout Workers, Metal and Plastic","$44,530 ","$22,370 "
"Plating and Coating Machine Setters, Operators, and Tenders, Metal and Plastic","$30,550 ","$22,370 "
"Tool Grinders, Filers, and Sharpeners","$35,550 ","$22,440 "
"Metal Workers and Plastic Workers, All Other","$32,990 ","$22,440 "
Printing Workers,"$34,620 ","$24,320 "
Prepress Technicians and Workers,"$38,270 ","$26,240 "
Printing Press Operators,"$35,240 ","$25,610 "
Print Binding and Finishing Workers,"$30,260 ","$27,420 "
"Textile, Apparel, and Furnishings Workers","$22,990 ","$27,920 "
Laundry and Dry-Cleaning Workers,"$20,820 ","$26,230 "
"Pressers, Textile, Garment, and Related Materials","$20,470 ","$28,010 "
Sewing Machine Operators,"$22,550 ","$26,890 "
Shoe and Leather Workers,"$24,090 ","$28,270 "
Shoe and Leather Workers and Repairers,"$23,630 ","$32,670 "
Shoe Machine Operators and Tenders,"$25,190 ","$33,470 "
"Tailors, Dressmakers, and Sewers","$25,120 ","$40,460 "
"Sewers, Hand","$23,640 ","$33,660 "
"Tailors, Dressmakers, and Custom Sewers","$25,830 ","$26,670 "
"Textile Machine Setters, Operators, and Tenders","$26,690 ","$30,900 "
Textile Bleaching and Dyeing Machine Operators and Tenders,"$26,340 ","$33,920 "
"Textile Cutting Machine Setters, Operators, and Tenders","$25,490 ","$33,920 "
"Textile Knitting and Weaving Machine Setters, Operators, and Tenders","$27,220 ","$31,300 "
"Textile Winding, Twisting, and Drawing Out Machine Setters, Operators, and Tenders","$26,870 ","$31,300 "
"Miscellaneous Textile, Apparel, and Furnishings Workers","$31,120 ","$51,470 "
"Extruding and Forming Machine Setters, Operators, and Tenders, Synthetic and Glass Fibers","$32,980 ","$50,150 "
Fabric and Apparel Patternmakers,"$43,900 ","$52,380 "
Upholsterers,"$32,020 ","$29,100 "
"Textile, Apparel, and Furnishings Workers, All Other","$26,310 ","$29,080 "
Woodworkers,"$29,500 ","$29,110 "
Cabinetmakers and Bench Carpenters,"$32,270 ","$30,680 "
Furniture Finishers,"$29,200 ","$58,350 "
"Model Makers and Patternmakers, Wood","$35,720 ","$93,370 "
"Model Makers, Wood","$33,590 ","$82,510 "
"Patternmakers, Wood","$38,410 ","$77,180 "
"Woodworking Machine Setters, Operators, and Tenders","$27,810 ","$59,890 "
"Sawing Machine Setters, Operators, and Tenders, Wood","$27,800 ","$59,890 "
"Woodworking Machine Setters, Operators, and Tenders, Except Sawing","$27,820 ","$46,150 "
Miscellaneous Woodworkers,"$28,990 ","$46,150 "
"Woodworkers, All Other","$28,990 ","$64,560 "
Plant and System Operators,"$57,160 ","$62,170 "
"Power Plant Operators, Distributors, and Dispatchers","$75,660 ","$69,030 "
Nuclear Power Reactor Operators,"$88,560 ","$67,770 "
Power Distributors and Dispatchers,"$80,840 ","$56,330 "
Power Plant Operators,"$71,940 ","$32,510 "
Stationary Engineers and Boiler Operators,"$58,530 ","$44,110 "
Water and Wastewater Treatment Plant and System Operators,"$44,790 ","$39,040 "
Miscellaneous Plant and System Operators,"$62,100 ","$35,380 "
Chemical Plant and System Operators,"$59,320 ","$28,830 "
Gas Plant Operators,"$66,010 ","$36,600 "
"Petroleum Pump System Operators, Refinery Operators, and Gaugers","$65,190 ","$32,650 "
"Plant and System Operators, All Other","$55,540 ","$28,210 "
Other Production Occupations,"$30,590 ","$33,610 "
"Chemical Processing Machine Setters, Operators, and Tenders","$43,340 ","$33,680 "
Chemical Equipment Operators and Tenders,"$47,220 ","$33,680 "
"Separating, Filtering, Clarifying, Precipitating, and Still Machine Setters, Operators, and Tenders","$38,420 ","$37,580 "
"Crushing, Grinding, Polishing, Mixing, and Blending Workers","$33,460 ","$37,580 "
"Crushing, Grinding, and Polishing Machine Setters, Operators, and Tenders","$33,810 ","$37,340 "
"Grinding and Polishing Workers, Hand","$28,610 ","$37,340 "
"Mixing and Blending Machine Setters, Operators, and Tenders","$34,600 ","$37,960 "
Cutting Workers,"$30,970 ","$37,960 "
"Cutters and Trimmers, Hand","$26,820 ","$35,250 "
"Cutting and Slicing Machine Setters, Operators, and Tenders","$32,190 ","$38,670 "
"Extruding, Forming, Pressing, and Compacting Machine Setters, Operators, and Tenders","$32,160 ","$37,190 "
"Furnace, Kiln, Oven, Drier, and Kettle Operators and Tenders","$35,360 ","$29,350 "
"Inspectors, Testers, Sorters, Samplers, and Weighers","$36,000 ","$36,010 "
Jewelers and Precious Stone and Metal Workers,"$37,060 ","$41,850 "
"Medical, Dental, and Ophthalmic Laboratory Technicians","$33,950 ","$36,580 "
Dental Laboratory Technicians,"$37,190 ","$36,580 "
Medical Appliance Technicians,"$34,890 ","$27,480 "
Ophthalmic Laboratory Technicians,"$29,860 ","$27,480 "
Packaging and Filling Machine Operators and Tenders,"$27,080 ","$28,710 "
Painting Workers,"$34,340 ","$29,950 "
"Coating, Painting, and Spraying Machine Setters, Operators, and Tenders","$31,940 ","$30,860 "
"Painters, Transportation Equipment","$41,150 ","$30,890 "
"Painting, Coating, and Decorating Workers","$29,270 ","$31,950 "
Semiconductor Processors,"$35,390 ","$37,890 "
Photographic Process Workers and Processing Machine Operators,"$26,590 ","$26,070 "
Miscellaneous Production Workers,"$26,590 ","$31,600 "
Adhesive Bonding Machine Operators and Tenders,"$31,710 ","$53,700 "
"Cleaning, Washing, and Metal Pickling Equipment Operators and Tenders","$27,880 ","$48,150 "
Cooling and Freezing Equipment Operators and Tenders,"$28,630 ","$48,150 "
Etchers and Engravers,"$29,810 ","$53,810 "
"Molders, Shapers, and Casters, Except Metal and Plastic","$29,630 ","$53,810 "
"Paper Goods Machine Setters, Operators, and Tenders","$35,710 ","$72,310 "
Tire Builders,"$39,120 ","$111,930 "
Helpers--Production Workers,"$23,960 ","$137,330 "
"Production Workers, All Other","$27,950 ","$78,740 "
Transportation and Material Moving Occupations,"$30,090 ","$96,980 "
Supervisors of Transportation and Material Moving Workers,"$51,280 ","$124,540 "
Aircraft Cargo Handling Supervisors,"$45,470 ","$52,360 "
"First-Line Supervisors of Helpers, Laborers, and Material Movers, Hand","$46,960 ","$50,500 "
First-Line Supervisors of Transportation and Material-Moving Machine and Vehicle Operators,"$55,860 ","$24,260 "
Air Transportation Workers,"$68,510 ","$33,010 "
Aircraft Pilots and Flight Engineers,"$102,520 ","$40,780 "
"Airline Pilots, Copilots, and Flight Engineers","$117,290 ","$31,060 "
Commercial Pilots,"$76,150 ","$37,610 "
Air Traffic Controllers and Airfield Operations Specialists,"$99,940 ","$24,040 "
Air Traffic Controllers,"$122,950 ","$42,480 "
Airfield Operations Specialists,"$51,880 ","$31,450 "
Flight Attendants,"$44,860 ","$24,880 "
Motor Vehicle Operators,"$34,170 ","$26,640 "
"Ambulance Drivers and Attendants, Except Emergency Medical Technicians","$23,740 ","$26,640 "
Bus Drivers,"$30,950 ","$59,810 "
"Bus Drivers, Transit and Intercity","$38,290 ","$60,990 "
"Bus Drivers, School or Special Client","$29,490 ","$60,360 "
Driver/Sales Workers and Truck Drivers,"$35,850 ","$50,150 "
Driver/Sales Workers,"$22,450 ","$57,260 "
Heavy and Tractor-Trailer Truck Drivers,"$40,260 ","$57,260 "
Light Truck or Delivery Services Drivers,"$29,850 ","$60,300 "
Taxi Drivers and Chauffeurs,"$23,510 ","$60,300 "
Miscellaneous Motor Vehicle Operators,"$29,230 ","$66,420 "
"Motor Vehicle Operators, All Other","$29,230 ","$58,690 "
Rail Transportation Workers,"$55,900 ","$58,690 "
Locomotive Engineers and Operators,"$55,030 ","$55,590 "
Locomotive Engineers,"$56,240 ","$40,730 "
Locomotive Firers,"$48,470 ","$40,730 "
"Rail Yard Engineers, Dinkey Operators, and Hostlers","$45,780 ","$68,930 "
"Railroad Brake, Signal, and Switch Operators","$54,020 ","$70,920 "
Railroad Conductors and Yardmasters,"$55,930 ","$73,110 "
Subway and Streetcar Operators,"$62,360 ","$24,480 "
Miscellaneous Rail Transportation Workers,"$59,840 ","$50,240 "
"Rail Transportation Workers, All Other","$59,840 ","$22,810 "
Water Transportation Workers,"$55,000 ","$22,810 "
Sailors and Marine Oilers,"$41,260 ","$23,390 "
Ship and Boat Captains and Operators,"$72,420 ","$45,670 "
"Captains, Mates, and Pilots of Water Vessels","$76,780 ","$45,670 "
Motorboat Operators,"$36,800 ","$72,140 "
Ship Engineers,"$72,870 ","$72,140 "
Other Transportation Workers,"$22,880 ","$27,830 "
Bridge and Lock Tenders,"$48,520 ","$36,760 "
Parking Lot Attendants,"$20,630 ","$27,320 "
Automotive and Watercraft Service Attendants,"$21,560 ","$32,300 "
Traffic Technicians,"$43,930 ","$52,200 "
Transportation Inspectors,"$70,820 ","$43,230 "
"Transportation Attendants, Except Flight Attendants","$25,930 ","$52,420 "
Miscellaneous Transportation Workers,"$36,890 ","$43,210 "
"Transportation Workers, All Other","$36,890 ","$33,630 "
Material Moving Workers,"$25,420 ","$33,630 "
Conveyor Operators and Tenders,"$32,050 ","$25,680 "
Crane and Tower Operators,"$51,650 ","$27,040 "
"Dredge, Excavating, and Loading Machine Operators","$40,650 ","$23,430 "
Dredge Operators,"$40,060 ","$50,250 "
Excavating and Loading Machine and Dragline Operators,"$40,050 ","$62,810 "
"Loading Machine Operators, Underground Mining","$52,320 ","$43,500 "
Hoist and Winch Operators,"$42,220 ","$52,260 "
Industrial Truck and Tractor Operators,"$32,090 ","$36,160 "
"Laborers and Material Movers, Hand","$23,930 ","$56,890 "
Cleaners of Vehicles and Equipment,"$21,310 ","$36,860 "
"Laborers and Freight, Stock, and Material Movers, Hand","$25,010 ","$36,860 "
Machine Feeders and Offbearers,"$29,440 ","$29,610 "
"Packers and Packagers, Hand","$21,010 ","$29,610 "
Pumping Station Operators,"$47,200 ","$50,250 "
Gas Compressor and Gas Pumping Station Operators,"$58,350 ","$62,810 "
"Pump Operators, Except Wellhead Pumpers","$42,420 ","$43,500 "
Wellhead Pumpers,"$46,990 ","$52,260 "
Refuse and Recyclable Material Collectors,"$33,800 ","$36,160 "
Mine Shuttle Car Operators,"$55,320 ","$56,890 "
"Tank Car, Truck, and Ship Loaders","$36,660 ","$36,860 "
Miscellaneous Material Moving Workers,"$30,360 ","$29,610 "
"Material Moving Workers, All Other","$30,360 ","$29,610 "
